Author,Text,Topic
None,"{Cue lion roar in the background, calling the animals to gather to Pride Rock for the Ceremony.}",-1
None,[ MS: Male Singer BS: Background Singer FS: Female Singer ],10
None,"{Sunrise on African grassland , in time with opening chant to The Circle of Life}",-1
MS,Nants ingonyama bagithi Baba,12
BS,Sithi uhm ingonyama,12
None,"{Various shots of animals raising their heads at the sunrise: rhinos, antelope, a cheetah, meerkats, storks...}",-1
MS,Nants ingonyama bagithi Baba,12
BS,Sithi uhhmm ingonyama,12
None,Ingonyama,12
MS,Siyo Nqoba,-1
BS,Ingonyama Ingonyama nengw' enamabala,12
None,Ingonyama nengw' enamabala Ingonyama nengw' enamabala,12
None,"{The Circle of Life ground forms in the BS's and holds its pattern for eight bars. It is a non-chordal BS part. The progressions are in the medium ranges of the strings. Various pans and camera views of African animals, all moving. Coinciding with the FS pickup in the eighth bar, we first view the giraffes, panning to a long shot of all the animals in their procession}",14
FS,"From the day we arrive on the planet And, blinking, step into the sun There's more to see than can ever be seen More to do than can ever be done",-1
None,"{Camera is panning and jumping to elephants, zebras, ants, birds, storks, etc... }",10
None,There's far too much to take in here More to find than can ever be found But the sun rolling high Through the sapphire sky Keeps great and small on the endless round,4
None,"{When the ""The Circle of Life"" is mentioned the long- distance pan centers on Pride Rock where all the animals are gathering. Mufasa is on Pride Rock. Long camera arc to Mufasa and Zazu.}",-1
None,It's the Circle of Life And it moves us all,-1
None,Through despair and hope Through faith and love,4
None,"{Appearance of Rafiki, the mandrill. He passes between ranks of animals, who bow to him; he then climbs Pride Rock to where Mufasa is standing.}",2
None,Till we find our place On the path unwinding,15
None,In the Circle The Circle of Life,14
None,{Decrescendo in BS. FS drops out. Pan Flute takes simple lead.},-1
None,"{Rafiki puts the juice and sand he collects on Simba's brow-- a ceremonial crown. He then picks Simba up and ascends to the point of Pride Rock. Mufasa and Sarabi follow. With a crescendo in the music and a restatement of the refrain, Rafiki holds Simba up for the crowd to view.}",-1
FS,It's The Circle of Life,14
None,And it moves us all Through despair and hope Through faith and love,14
None,{The clouds part and a sunbeam highlights Rafiki and Simba on Pride Rock.},0
None,Till we find our place,0
None,On the path unwinding,14
None,{Camera slowly zooms out to a striking panoramic view of the Presentation.},14
None,In the Circle The Circle of Life,-1
None,"{Bass drum hit and immediate switch to black screen with title ""The Lion King"" in blood-red caps.}",-1
None,{Mouse comes out and starts preening in the light. Begins sniffing. Becomes frightened. Suddenly a large lion paw swoops down and catches him.},10
None,{Cue the Scar theme . Fade in slowly and up full during speech},0
None,{Camera switch to Scar holding the squeaking and struggling mouse in his paw. He talks to it while playing with it},0
Scar,"Life's not fair, is it? You see I -- well, I... shall never be King. And you... shall never see the light of another day. {closed-mouth laughter. Starts to place the mouse on his extended tongue} ... Adieu...",-1
None,Zazu : Didn't your mother ever tell you not to play with your food?,0
Scar,What do you want?,14
Zazu,I'm here to announce that King Mufasa is on his way. ...So you'd better have a good excuse for missing the ceremony this morning.,14
Scar,"Oh now look, Zazu; you've made me lose my lunch.",-1
Zazu,Hah! You'll lose more than that when the King gets through with you. He's as mad as a hippo with a hernia.,-1
Scar,Oooh... I quiver with FEAR.,14
None,"{On ""FEAR"" Scar crouches down and is baring his teeth at Zazu.}",11
Zazu,"Now Scar, don't look at me that way... HELP!",14
Mufasa,Scar! ...,10
Scar,Mm-hmm?,-1
Mufasa,Drop him.,8
Zazu,"Impeccable timing, your majesty.",18
Zazu,Eyyccch.,-1
Scar,Why! If it isn't my big brother descending from on high to mingle with the commoners.,9
Mufasa,Sarabi and I didn't see you at the presentation of Simba.,10
Scar,"That was today? Oh, I feel simply awful.",-1
None,{He turns and start scraping his claws on the rock wall. Zazu cringes at the sound.},8
Scar,...Must have slipped my mind.,-1
Zazu,"Yes, well, as slippery as your mind is, as the king's brother, you should have been first in line!",2
None,"{Scar clicks his teeth at Zazu, who has flown near his face. Zazu takes cover behind Mufasa's foreleg. Scar bends down to speak to him.}",3
Scar,"Well, I was first in line... until the little hairball was born.",-1
Mufasa,"That ""hairball"" is my son... and your future king.",-1
Scar,"Ohh, I shall practice my curtsy.",10
Mufasa,"Don't turn your back on me, Scar.",-1
Scar,"Oh, no, Mufasa. Perhaps YOU shouldn't turn YOUR back on me.",14
Mufasa,"{Roars and literally jumps in front of Scar, baring his teeth for the first time} Is that a challenge?",5
Scar,"Temper, temper. I wouldn't dream of challenging you.",1
Zazu,Pity! Why not?,0
Scar,"Well, as far as brains go, I got the lion's share. But, when it comes to brute strength ...I'm afraid I'm at the shallow end of the gene pool.",1
Zazu,"There's one in every family, sire... Two in mine, actually. And they always manage to ruin special occasions.",5
Mufasa,What am I going to do with him?,3
Zazu,He'd make a very handsome throw rug.,-1
Mufasa,Zazu!,2
Zazu,"And just think! Whenever he gets dirty, you could take him out and BEAT him.",18
None,"{Rise in music-- ""This Land"" track-- with theme stated in African flute, it broadens eventually with chorus and full orchestra. We see a rainstorm gently crossing the savannah. Multiplane camera approach to Rafiki's baobab tree. Camera switch to inside the tree. Rafiki is doing hand paintings on the wall. We see he is completing a lion cub.}",-1
Rafiki,"{Mutters to himself, in which the word ""Simba"" can be heard} Hmmm... Ah heh heh heh heh heh... {completing the ceremonial crown in the painting} Simba.",9
None,{Horns and brass close theme in a stately manner with a decrescendo. Fade to black keeping the painting of the cub as a crossover to the fade in of Pride Rock in early morning},-1
None,"{Simba is seen coming out on the rock. He runs back into the cave and leaps over several of the lionesses, accidentally jumping on a few.}",9
Simba,"Dad! Daad! Come on, Dad, we gotta go. Wake up!",2
None,Random Lioness: Oomph!,-1
Simba,Sorry! ...Oop.,3
Simba,"Dad? Daad. Dad, Dad, Dad, Dad, Dad, Dad, Dad, Dad--",2
Sarabi,Your son... is awake...,7
Mufasa,"Before sunrise, he's YOUR son.",0
Simba,"Dad? Daad! Come on, Dad! Daa-- Whoa!",-1
None,"{He loses his grip on Mufasa's ear, and slips and crashes into something off camera. He then comes running back on screen and butts Mufasa. Mufasa sleepily eyes his son.}",-1
Simba,You promised!,8
Mufasa,"Okay, okay. I'm up. I'm up.",5
Simba,Yeah!,-1
None,"{Mufasa yawns a well-recorded lion yawn. Mufasa and Sarabi follow Simba up to the top of Pride Rock. Simba rubs up against Sarabi; she nudges him ahead and stays behind. Departing shot of her, with a loving expression. The sunrise illuminates the top of Pride Rock impressively. Both Simba and Mufasa are on the point. Cue music.}",3
Mufasa,"Look, Simba. Everything the light touches is our kingdom.",-1
Simba,Wow.,5
None,"{The camera revolves around them, during Mufasa's speech, from a reverse view to a frontal shot.}",9
Mufasa,"A king's time as ruler rises and falls like the sun. One day, Simba, the sun will set on my time here, and will rise with you as the new king.",2
Simba,And this will all be mine?,-1
Mufasa,Everything.,7
Simba,Everything the light touches. {Simba looks all around. He views the rip-rap canyon to the north} What about that shadowy place?,3
Mufasa,"That's beyond our borders. You must never go there, Simba.",-1
Simba,But I thought a king can do whatever he wants.,9
Mufasa,"Oh, there's more to being king than... getting your way all the time.",0
Simba,There's more?,-1
Mufasa,Simba...,9
None,{Camera switch. Mufasa and Simba are out walking on the savannah.},14
Mufasa,"Everything you see exists together, in a delicate balance. As king, you need to understand that balance, and respect all the creatures-- from the crawling ant to the leaping antelope.",-1
Simba,"But, Dad, don't we eat the antelope?",2
Mufasa,"Yes, Simba, but let me explain. When we die, our bodies become the grass. And the antelope eat the grass. And so we are all connected in the great Circle of Life.",-1
Zazu,"Good morning, sire!",-1
Mufasa,"Good morning, Zazu.",7
Zazu,Checking in... with the morning report.,-1
Mufasa,Fire away.,-1
Zazu,Well! The buzz from the bees is that the leopards are in a bit of a spot...,1
None,{Zazu's speech will continue through without stop. Simba's and Mufasa's conversation is the focus.},8
Mufasa,"Oh, really?",5
None,"{Simba, uninterested in Zazu, pounces at a grasshopper and misses}",-1
Zazu,"{Continuing, not noticing Mufasa's lack of enthusiasm} ... And the baboons are going ape over this. Of course, the giraffes are acting like they're above it all...",10
Mufasa,"What are you doing, son?",-1
Simba,Pouncing.,11
Mufasa,Let an old pro show you how it's done.,11
Zazu,"...The tick birds are pecking on the elephants. I told the elephants to forget it, but they can't...",0
Mufasa,"Zazu, would you turn around?",-1
Zazu,"Yes, sire. The cheetahs are hard up, but I always say ...",0
Mufasa,Stay low to the ground.,2
Zazu,Cheetahs never prosper...,-1
Simba,"Okay, stay low to the ground, right... yeah...",10
Zazu,What going on?,0
Mufasa,A pouncing lesson.,0
Zazu,"Oh very good. Pouncing. Pouncing!?! Oh no, sire, you can't be serious...",-1
Zazu,Oh... this is so humiliating.,7
Mufasa,Try not to make a sound.,1
Zazu,"What are you telling him, Mufasa? {Looking around uneasily-- Simba and Mufasa seem to have disappeared.} Mufasa? Simba?",4
None,{Simba does a full pounce leaving Zazu stunned on the ground},-1
Mufasa,Ha ha ha ha ha. That's very good. Ha ha ha...,7
Gopher,Zazu!,7
Zazu,Yes?,7
Gopher,Sir. News from the underground.,7
Mufasa,"Now, this time--",-1
Zazu,Sire! Hyenas! In the Pride Lands!,7
Mufasa,"Zazu, take Simba home.",7
Simba,"Oh, Dad, can't I come?",7
Mufasa,"No, son.",-1
Simba,I never get to go anywhere.,0
Zazu,"Oh, young master, one day you will be king; then you can chase those slobbering mangy stupid poachers from dawn until dusk.",0
None,{They head off. Camera pulls back to wide view of savannah.},1
None,{Camera change to Scar on his overhanging rock ledge. We see Scar pace once and kick an old bone off the edge.},1
Simba,Hey Uncle Scar! Guess what!,1
Scar,I despise guessing games.,1
Simba,I'm going to be king of Pride Rock.,2
Scar,Oh goody.,0
Simba,My dad just showed me the whole kingdom; and I'm going to rule it all. Heh heh.,0
Scar,"Yes. Well... forgive me for not leaping for joy. Bad back, you know.",0
Simba,"Hey, Uncle Scar? When I'm king, what will that make you?",-1
Scar,A monkey's uncle.,-1
Simba,Heh heh. You're so weird.,0
Scar,"You have NO idea. ...So, your father showed you the whole kingdom, did he?",10
Simba,Everything.,0
Scar,He didn't show you what's beyond that rise at the northern border...?,3
Simba,"Well, no... he said I can't go there.",-1
Scar,And he's absolutely right. It's far too dangerous. Only the bravest lions go there.,-1
Simba,"Well, I'm brave! What's out th--",3
Scar,"No, I'm sorry, Simba, I just can't tell you.",0
Simba,Why not?,-1
Scar,"Simba, Simba, I'm only looking out for the well- being of my favorite nephew.",-1
Simba,"Yeah, right, I'm your only nephew.",-1
Scar,All the more reason for me to be protective... An elephant graveyard is no place for a young prince... Oops!,0
Simba,An elephant what? Whoa.,-1
Scar,"Oh dear, I've said too much... Well, I suppose you'd have found sooner or later, you being SO clever and all... Oh, just do me one favor-- promise me you'll never visit that dreadful place.",-1
Simba,No problem.,0
Scar,There's a good lad. You run along now and have fun. And remember... it's our little secret.,3
None,"{Simba leaves the rock, Scar walks away with an evil smile. Menacing music.}",3
None,"{Simba is running down the slope of the bottom part of Pride Rock. He runs down towards two lionesses (Sarabi and Sarafina). Sarafina is giving Nala a bath. Music is light, almost jazzy. Pan flute lead.}",-1
Simba,"Hey, Nala.",2
Nala,"Hi, Simba.",0
Simba,Come on. I just heard about this great place.,11
Nala,Simba! I'm kind of in the middle of a bath.,0
Sarabi,And it's time for yours.,14
None,{Simba tries to escape; Sarabi bends down and grabs him. She proceeds to give the struggling cub a bath.},3
Simba,Mom! ...Mom. You're messing up my mane.,-1
Simba,"Okay, okay, I'm clean. Can we go now?",0
Nala,So where are we going? It better not be anyplace dumb.,15
Simba,No. It's really cool.,-1
Sarabi,"So where is this ""really cool"" place?",14
Simba,Oh. Uh... around the water hole.,-1
Nala,The water hole? What's so great about the water hole?,5
Simba,I'll SHOW you when we GET there.,-1
Nala,"Oh. Uh... Mom, can I go with Simba?",1
Sarafina,"Hmm... What do you think, Sarabi?",-1
Sarabi,Well...,4
None,Nala and Simba: Pleeeease?,5
Sarabi,It's all right with me...,0
Nala,All right! Simba: Yeah!,2
Sarabi,...As long as Zazu goes with you.,0
Simba,No. Not Zazu.,0
None,{Camera is at a ground angle slightly behind the cubs walking towards the water hole. Zazu is visible in the sky overhead.},7
Zazu,"Step lively. The sooner we get to the water hole, the sooner we can leave.",-1
None,{Camera angle changes to the cubs from an immediate real view},1
Nala,So where we really going?,-1
Simba,An elephant graveyard.,1
Nala,Wow!,-1
Simba,Shhh! Zazu.,-1
Nala,Right. So how are we gonna ditch the dodo?,5
None,{Camera switch to just above Zazu. We hear the cubs whispering back and forth below},2
Simba,"Oh, I know how we can--",4
Zazu,"Oh, just look at you two. Little seeds of romance blossoming in the savannah. Your parents will be thrilled... ...what with your being betrothed and all.",-1
Simba,Be-what?,4
Zazu,Betrothed. Intended. Affianced.,18
Nala,Meaning...?,2
Zazu,"One day, you two are going to be married!",-1
Simba,Yuck! Nala: Ewww.,-1
Simba,I can't marry her. She's my friend.,1
Nala,Yeah. It'd be too weird.,-1
Zazu,"Well, sorry to burst your bubble, but you two turtle- doves have no choice. It's a tradition...",-1
Zazu,...going back generations.,2
Simba,"Well, when I'm king, that'll be the first thing to go.",1
Zazu,Not so long as I'm around.,-1
Simba,"Well, in that case, you're fired.",0
Zazu,"Hmmm... Nice try, but only the king can do that. {Pokes Simba's nose}",0
Nala,"Well, he's the future king.",0
Simba,Yeah. So you have to do what I tell you.,-1
Zazu,"Not yet I don't. And with an attitude like that, I'm afraid you're shaping up to be a pretty pathetic king indeed.",-1
Simba,Hmph. Not the way I see it.,1
None,"{Full song, colors change to wild pop-African. Background abruptly becomes surreal, brightly-colored cartoon style.}",-1
Simba,I'm gonna be a mighty king So enemies beware!,5
Zazu,"Well, I've never seen a king of beasts",2
None,With quite so little hair,-1
Simba,I'm gonna be the mane event Like no king was before,-1
None,I'm brushing up on looking down I'm working on my ROAR,-1
None,"{On ""ROAR"" he shouts at Zazu, startling him backwards into a puddle}",4
Zazu,"Thus far, a rather uninspiring thing",5
None,"{Camera pulls back; reveals the ""towel"" as the ear of a red elephant which hits Zazu with its trunk as with a golf club, sending him skipping like a stone across a shallow pool of water; the cubs follow immediately.}",7
Simba,"Oh, I just can't wait to be king!",2
Zazu,"You've rather a long way to go, young master, if you think...",-1
None,"{For this verse Zazu is making quick spoken-part replies to each line. Simba and Nala are on each side of Zazu; as he turns to talk to one, the other makes faces at him.}",3
Simba,No one saying do this,10
Nala,No one saying be there,11
Simba,No one saying stop that,-1
None,Simba and Nala: No one saying see here,9
Simba,Free to run around all day,9
Simba,Free to do it all my way!,-1
Zazu,"{Flying ahead of the cubs, looking back to speak to them and so not paying attention ahead} I think it's time that you and I Arranged a heart to heart",3
Simba,Kings don't need advice From little hornbills for a start,2
Zazu,"If this is where the monarchy is headed Count me out! Out of service, out of Africa I wouldn't hang about... aagh!",3
None,"{The camera pulls back to reveal Zazu has lighted on a log being washed towards a waterfall. It disappears over the edge. Zazu yells in surprise, but quickly reappears flying towards and through the camera.}",2
None,This child is getting wildly out of wing,2
Simba,"Oh, I just can't wait to be king!",2
None,"{The cubs trot up a corridor of zebras standing at attention; when Zazu follows, they all turn and raise their tails; Zazu covers himself with a wing.}",-1
None,"{Nala and Simba dance about under a moving herd of elephants while the African flute leads a short instrumental sequence. Zazu flies overhead, looking for them. Simba ends up standing on a giraffe's head.}",13
None,Everybody look left Everybody look right,9
None,Everywhere you look I'm,3
None,Standing in the spotlight!,7
Zazu,Not yet!,2
Chorus,Let every creature go for broke and sing Let's hear it in the herd and on the wing It's gonna be King Simba's finest fling,1
None,"{The Chorus of hippos, anteaters, antelopes, giraffes, etc. forms a pyramid with the cubs on top}",1
None,Simba & Chorus: Oh I just can't wait to be king! Oh I just can't wait to be king! Oh I just can't waaaaaait ... to be king!,3
Zazu,"I beg your pardon, madam, but... GET OFF! ... Simba? Nala?",-1
None,{Camera change to Simba and Nala making their way away from Zazu. They are laughing.},-1
Simba,"All right, it worked!",2
Nala,We lost 'im.,-1
Simba,I... am a genius.,1
Nala,"Hey, Genius, it was my idea.",18
Simba,"Yeah, but I pulled it off.",4
Nala,With me!,-1
Simba,Oh yeah? ...Rrarr!,0
None,"{Simba jumps at Nala; they tussle quickly. Nala ends on top and pins Simba with her forepaws, producing a resounding thump.}",16
Nala,Ha. Pinned ya.,0
Simba,"Hey, lemme up.",7
None,"{Nala turns away smiling. Simba looks at her and jumps at her again. They tussle, rolling down a short hill. She pins him again in the same position with another thump.}",-1
Nala,Pinned ya again.,-1
None,"{A geyser makes a loud noise nearby, ejecting steam. The camera pulls back to a view of the surroundings that the cubs have just noticed. Mostly in grays, we see a dark craggy vale filled with skeletons of elephants. Eerie music.}",2
Simba,This is it. We made it.,-1
None,{They look over the edge of the ledge they are on. A large bull elephant skull is nearby. The camera follows to survey the entire bleak view.},-1
None,Simba and Nala: Whoa!,2
Nala,It's really creepy.,-1
Simba,Yeah... Isn't it great?,-1
Nala,We could get in big trouble.,1
Simba,"I know, huh.",3
Nala,I wonder if its brains are still in there.,-1
Simba,There's only one way to know. Come on. Let's go check it out.,-1
None,"{Simba walks towards the mouth of the skull. Zazu flaps suddenly up in front of them, emitting a sharp squawk of ""Wrong!"" and giving the audience a start.}",1
Zazu,The only checking out you will do will be to check out of here.,0
Simba,"Aw, man.",10
Zazu,We're way beyond the boundary of the Pride Lands.,0
Simba,Huh. Look. Banana Beak is scared. Heh.,-1
Zazu,"That's Mr. Banana Beak to you, fuzzy. And right now we are all in very real danger.",5
Simba,Danger? Hah! I walk on the wild side. I laugh in the face of danger. Ha ha ha ha!,10
None,{Following Simba's confident laughter we hear more laughing from inside the skull. Simba runs back and hides behind Nala and Zazu. Three hyenas emerge from the skull's eyes and mouth.},10
Shenzi,"Well, well, well, Banzai. What have we got here?",5
Banzai,"Hmm. I don't know, Shenzi. Uh... what do you think, Ed?",0
Ed,,1
Banzai,"Yeah, just what I was thinking. A trio of trespassers!",1
Zazu,"And quite by accident, let me assure you. A simple navigational error. Eh heh heh...",0
Shenzi,"Whoa, whoa, wait wait wait... I know you. You're Mufasa's little stooge.",1
Zazu,"I, madam, am the king's majordomo.",0
Banzai,And that would make you...?,-1
Simba,The future king.,7
Shenzi,Do you know what we do to kings who step out of their kingdom?,1
Simba,Puh. You can't do anything to me.,-1
Zazu,"Uhh... technically, they can. We are on their land.",1
Simba,"But Zazu, you told me they're nothing but slobbering mangy stupid poachers.",1
Zazu,Ix-nay on the oopid-stay...,-1
Banzai,"Who you callin' ""oopid-stay?!?""",2
Zazu,"My, my, my. Look at the sun. {starts to try to hasten the cubs away} It's time to go!",1
Shenzi,What's the hurry? We'd looove you to stick around for dinner.,-1
Banzai,"Yeaaaah! We could have whatever's... ""lion"" around! {In the background} Get it? Lion around!",-1
Shenzi,"Oh wait, wait, wait. I got one, I got one. Make mine a ""cub"" sandwich. Whatcha think?",-1
None,{Peals of uncontrollable laughter. Ed jumps up and starts gesticulating and jabbering.},-1
Shenzi,What? Ed? What is it?,1
Banzai,"Hey, did we order this dinner to go?",-1
Shenzi,No. Why?,0
Banzai,'Cause there it goes!,2
None,{Camera view to the cubs running off; they stop after a bit. Quick camera jump showing Zazu being caught in mid-flight.},-1
Nala,Did we lose 'em?,2
Simba,I think so. Where's Zazu?,5
None,{Camera switch. The hyenas have Zazu near a steam vent. Banzai is holding the bird.},1
Banzai,"The little majordomo bird hippity-hopped all the way to the birdie-boiler. {He walks Zazu to the vent and stuffs him into it, plugging it up.}",0
Zazu,Oh no. Not the birdie-boiler. {It shoots him off in a puff of steam},5
Simba,Hey! Why don't you pick on somebody your own size?,5
Shenzi,Like... you?,4
Simba,Oops.,5
None,{The hyenas start chasing the cubs. They dart around behind them and poke their heads through an active methane vent.},-1
None,"Shenzi, Banzai, Ed: BOO!",-1
None,{The hyenas chase the cubs up and over the skull and the cubs slip away by sliding down the spine. They shoot off the end of the spine and land on a hillside of bones.},4
Nala,Simba!,1
None,{Simba turns around and is horrified to see Nala slipping back down the pile.},-1
Nala,Aaaaiee!,-1
None,"{Simba runs bravely back and claws Shenzi across the cheek, drawing blood and distracting her while Nala escapes. Shenzi becomes enraged; the Hyenas pursue the cubs quickly and corner them in a cave.}",5
None,"************** CUT LINES ********************************* {For a reason unknown to me, the following line was cut. It appeared on story boards and even in the promotional pamphlet for the movie [as well as on the first series of collector's cards -BT]. It must have been cut fairly late in production.}",1
Shenzi,"Look, boys! A king fit for a meal!",1
None,**********************************************************,11
Banzai,"Here, kitty, kitty, kitty.",4
Shenzi,Oo-hoo... that was it? Hah. Do it again... come on.,-1
None,"{Simba opens his mouth to roar again, but we hear a full- grown lion roar.}",1
None,"Shenzi, Banzai, Ed: Huh?!",-1
None,{Mufasa charges the hyenas from camera left and knocks them about until they are cringing under him.},-1
Shenzi,"Oh, please, please. Uncle. Uncle. Banzai: Ow. Ow. Ow.",3
Mufasa,Silence!,-1
Banzai,"Oh, we're gonna shut up right now.",3
Shenzi,Calm down. We're really sorry.,2
Mufasa,If you ever come near my son again...,-1
Shenzi,Oh this is... this is your son?!?,-1
Banzai,"Oh, your son?",-1
Shenzi,Did you know that?,5
Banzai,No... me? I-I-I didn't know it. No. Did you?,-1
Shenzi,No! Of course not.,1
Banzai,No.,2
None,Shenzi and Banzai: Ed?,1
Ed,,-1
Banzai,Toodles!,1
None,"{With a gunshot sound they disappear. Zazu lights in front of Mufasa, giving him a ""that'll show 'em"" nod... but then withers under Mufasa's angry glare.}",13
Simba,"Dad, I...",3
Mufasa,You deliberately disobeyed me.,1
Simba,"Dad, I'm... I'm sorry.",-1
Mufasa,Let's go home.,2
None,"{They all start walking out of the Burial Grounds, the cubs bent down in shame.}",3
Nala,I thought you were very brave.,0
None,"{The camera steadily pans up one of the walls of the cave. It stops on a horrifying image of Scar, standing on a ledge where he had been watching the cubs' near-demise.}",3
None,{Camera switch to out on the savannah. The cubs are still walking in a shamed manner behind Mufasa. Zazu is flying between.},2
Mufasa,Zazu?,-1
Zazu,"{Flying forward and lighting in front of Mufasa, his trepidation showing} Yes, sire?",2
Mufasa,Take Nala home. I've got to teach my son a lesson.,3
None,{The camera views the cubs. Simba crouches lower in the grass as if to hide. Zazu flies back to the cubs.},2
Zazu,"Come, Nala. Simba... {puts his wings on Simba's shoulders, gives a heavy sigh, and then a reassuring pat} Good luck.",1
None,{Zazu and Nala leave. The camera view is of Simba in the foreground with Mufasa facing away from the camera in the background.},10
Mufasa,Simba!,15
None,"{Simba slowly turns and walks towards his father. The camera follows him forward. Ominous yet sad music. Simba steps into a depression. Looking down he sees that his forepaw fits inside just the palmprint of his father's paw. A very tense moment for Simba. It comes across to the audience that his father could easily do much, much more than discipline Simba. [It also comes across that Simba has some rather big shoes to fill, so to speak, and is only now realizing his true position. -BT] Simba is harshly reminded of how small and young he is compared to his father. He looks up and, quite courageously, continues to come forward.}",3
None,"{Mufasa thinks silently for a few moments, not looking at his son. Then, finally, he turns to him.}",3
Mufasa,"Simba, I'm very disappointed in you.",-1
Simba,I know.,3
Mufasa,"You could have been killed. You deliberately disobeyed me. And what's worse, you put Nala in danger!",-1
Simba,I was just trying to be brave like you.,5
Mufasa,I'm only brave when I have to be. Simba... being brave doesn't mean you go looking for trouble.,-1
Simba,But you're not scared of anything.,5
Mufasa,I was today.,3
Simba,You were?,3
Mufasa,Yes... I thought I might lose you.,5
Simba,"Oh. I guess even kings get scared, huh?",5
Mufasa,Mm-hmm.,-1
Simba,But you know what?,-1
Mufasa,What?,-1
Simba,I think those hyenas were even scareder.,5
Mufasa,"'Cause nobody messes with your dad. Come here, you.",-1
None,{Mufasa has bent down. He picks Simba up and starts giving him a noogie.},1
Simba,"Oh no, no... Aaagh! Errrggh!",4
None,{Music rises as Simba and Mufasa tussle playfully for a brief while.},3
Simba,"Oh, come here... Hah! Gotcha!",3
None,{They end up with Mufasa laid down and Simba on his head},2
Simba,Dad?,5
Mufasa,Hmm?,-1
Simba,"We're pals, right?",5
Mufasa,Right.,8
Simba,"And we'll always be together, right?",3
Mufasa,Simba... Let me tell you something that my father told me... Look at the stars. The great kings of the past look down on us from those stars.,4
Simba,Really?,-1
Mufasa,"Yes... So whenever you feel alone, just remember that those kings will always be there to guide you ... And so will I.",5
None,"{Camera switch from stars to Hyena cave. As we move into the cave, we first hear Banzai's voice and eventually see Banzai and Ed together with Shenzi to the side.}",0
Banzai,"Man, that lousy Mufasa! I won't be able to sit for a week! {We notice numerous scratches on Banzai's rear}",1
Ed,,1
Banzai,"It's not funny, Ed.",-1
Ed,,2
Banzai,"Hey, shut up!",0
Ed,,-1
Shenzi,Will you knock it off!,4
Banzai,"Well, he started it!",3
Shenzi,Look at you guys. No wonder we're dangling at the bottom of the food chain.,3
Banzai,"Man, I hate dangling.",-1
Shenzi,"Shyeah? You know, if it weren't for those lions, we'd be runnin' the joint.",-1
Banzai,"Yeah. Man, I hate lions.",0
Shenzi,So pushy.,5
Banzai,And hairy.,-1
Shenzi,And stinky.,10
Banzai,"And man, are they...",1
None,Shenzi and Banzai: UuuugLY!,-1
Scar,"Oh, surely we lions are not all THAT bad.",2
Banzai,"Ohh. Oh, Scar, it's just you.",-1
Shenzi,We were afraid it was somebody important.,-1
Banzai,"Yeah, you know, like Mufasa.",-1
Shenzi,Yeah.,-1
Scar,I see.,2
Banzai,Now that's power.,-1
Shenzi,Tell me about it. I just hear that name and I shudder.,5
Banzai,Mufasa.,5
Shenzi,Ooooh. ... Do it again.,1
Banzai,Mufasa.,1
Shenzi,Ooooh!,5
Banzai,Mufasa. Mufasa! Mufasa!,0
Shenzi,...Oooh! It tingles me.,-1
Scar,I'm surrounded by idiots.,-1
Banzai,"Not you, Scar; I mean, you're one of us. I mean, you're our pal.",1
Scar,Charmed.,-1
Shenzi,"Ohh, I like that. He's not king, but he's still so proper.",4
Banzai,"Yeah. Hey, hey. Did ya bring us anything to eat, Scar, old buddy, old pal? Huh? Did-ya-did-ya-did-ya?",15
Scar,I don't think you really deserve this. {Holds out a zebra haunch.} I practically gift-wrapped those cubs for you. And you couldn't even dispose of them.,10
Shenzi,"Well, ya know. It wasn't exactly like they was alone, Scar.",-1
Banzai,Yeah. What are we supposed to do-- kill Mufasa?,-1
Scar,Precisely.,-1
None,{The three hyenas pause from eating and look up at Scar questioningly.},-1
None,{Three-top flutter to coincide with Scar's leaps down to the Hyenas.},11
None,"************** CUT LINES ********************************* {Due to plot adjustment, the intro lines to the music track Be Prepared were cut. They were originally a monologue of Scar trying to decide on using the Hyenas or not. These were cut presumably to allow for the earlier entrapment of the cubs being credited to Scar. The monologue does, however, appear on the soundtrack.}",5
Scar,I never thought hyenas essential. They're crude and unspeakably plain. But maybe they've a glimmer of potential If allied to my vision and brain.,1
None,**********************************************************,2
None,{Scar walks calmly through sheets of flame and gas into the camera over the opening bit of the song},-1
Scar,,-1
None,"{Scar paces slowly around Ed, who is chewing on the remnants of the zebra leg}",-1
None,"I know that your powers of retention Are as wet as a warthog's backside But thick as you are, pay attention",-1
None,My words are a matter of pride,1
None,It's clear from your vacant expressions The lights are not all on upstairs,1
None,{Waving his paw in front of Ed's blank eyes to make his point; Ed's tongue lolls out},1
None,But we're talking kings and successions Even you can't be caught unawares,0
None,"{Shenzi and Banzai are laughing on a ledge behind him; on ""you,"" Scar turns and leaps at them, throwing them backward onto a pair of geysers, which then erupt, throwing the two hyenas into the air.}",5
None,"{In the next verse, Scar is strutting theatrically along a ledge which runs around back to the floor.}",1
None,So prepare for a chance of a lifetime Be prepared for sensational news A shining new era Is tiptoeing nearer,2
Shenzi,And where do we feature?,-1
Scar,Just listen to teacher,2
None,I know it sounds sordid But you'll be rewarded When at last I am given my dues And injustice deliciously squared,1
None,"{Scar leaps up beside Ed, who is again chewing on the bone, and here kicks him off the ledge}",7
None,Be prepared!,2
None,"{The three hyenas land in a pile of bones and are submerged; they reappear, each with a different horned skull on his head.}",7
Banzai,"Yeah, Be prepared. Yeah-heh... we'll be prepared, heh. ...For what?",18
Scar,For the death of the king.,18
Banzai,Why? Is he sick?,18
Scar,"No, fool-- we're going to kill him. Simba too.",18
Shenzi,Great idea! Who needs a king?,-1
None,Shenzi : No king! No king! la--la-la--la-laa-laa!,0
Scar,Idiots! There will be a king!,5
Banzai,"Hey, but you said, uh...",4
Scar,"I will be king! ...Stick with me , and you'll never go hungry again!",17
None,Shenzi and Banzai: Yaay! All right! Long live the king!,1
None,All Hyenas: Long live the king! Long live the king!,2
None,"{Scar's army of hyenas is goose-stepping across the floor of the cave, now stylized into a Nazi-esque quadrangle}",17
Hyenas,It's great that we'll soon be connected. With a king who'll be all-time adored.,-1
Scar,"Of course, quid pro quo, you're expected To take certain duties on board",8
None,The future is littered with prizes And though I'm the main addressee The point that I must emphasize is,2
None,You won't get a sniff without me!,2
None,"{Throughout the next verse, the entire horde of hyenas joins in dancing boisterously, leaping along the tops of rock pillars, shaking animal skeletons in the light, one playing a rib cage/xylophone.}",-1
None,"So prepare for the coup of the century Be prepared for the murkiest scam Meticulous planning Tenacity spanning Decades of denial Is simply why I'll Be king undisputed Respected, saluted And seen for the wonder I am",-1
None,"Yes, my teeth and ambitions are bared Be prepared!",-1
None,"All (Even Ed, who can be heard growling and snarling an approximation of the lines): Yes, our teeth and ambitions are bared Be prepared!",2
None,{Close with a fill-in and a fade-out. Scar and the hyenas are laughing evilly. Drum roll rises to a crash coinciding with the panoramic opening of the next scene.},-1
None,{Camera switch to a view of a large canyon. Cloud shadows scroll slowly over the landscape.},1
Scar,Now you wait here. Your father has a marvelous surprise for you.,0
None,"{Camera switch to bottom of the gully. Scar and Simba are near a rock, underneath a small tree.}",3
Simba,Oooh. What is it?,1
Scar,"If I told you, it wouldn't be a surprise, now would it?",3
Simba,"If you tell me, I'll still act surprised.",3
Scar,Ho ho ho. You are such a naughty boy.,2
Simba,"Come on, Uncle Scar.",13
Scar,"No-no-no-no-no-no-no. This is just for you and your daddy. You know, a sort of... father-son... thing.",2
None,"{Through Simba's expression, we see that he resents Scar's dismissive attitude, but soon shrugs it off.}",13
Scar,Well! I'd better go get him.,1
Simba,I'll go with you.,5
Scar,No! Heh heh heh. No. Just stay on this rock. You wouldn't want to end up in another mess like you did with the hyenas...,-1
Simba,You know about that?,-1
Scar,"Simba, everybody knows about that.",7
Simba,Really?,15
Scar,"Oh, yes. Lucky Daddy was there to save you, eh? {clearly enjoying himself; he puts a paw on Simba's shoulder} Oh... and just between us, you might want to work on that little roar of yours. Hmm?",4
Simba,Oh... Okay...,-1
Simba,"Hey, Uncle Scar, will I like the surprise?",1
Scar,"Simba, it's to DIE for.",-1
None,"{The camera slowly pans up the side of the gorge away from Scar and Simba. After a distance of rock, we reach the edge and view on the plain a very large herd of wildebeest; the size of the herd comes across with a striking computer-generated parallax pan. The camera then focuses in on the hyenas , who are waiting off of the edge of the herd, hidden under a rock arch.}",4
Banzai,,4
Shenzi,Shut up.,-1
Banzai,I can't help it. I'm so hungry... I gotta have a wildebeest!,-1
Shenzi,Stay put.,4
Banzai,Well... can't I just pick off one of the little sick ones?,-1
Shenzi,No! We wait for the signal from Scar.,10
Shenzi,There he is... let's go.,8
Simba,Little roar. Puh!,16
Simba,Rarrr!,8
None,{The lizard has no reaction to this first attempt. Simba then jumps down and tries again.},16
Simba,Rrrraowr-nh!,1
None,"{For the third attempt, Simba moves closer again and inhales deeply.}",2
Simba,RAOWR!,-1
None,"{The lizard skitters off screen. Simba's roar echoes around the canyon. Shot of Simba lifting his ears to relish the echo. The echo is soon eclipsed, however, by a low rumble. Simba looks down and sees pebbles jumping. Cue the very sinister ""To Die For"" music. We see the herd coming over the lip of the gorge. Dramatic multi-layer camera pull up to Simba's terrified face. Simba takes off in front of the herd.}",4
None,"{Cut to the rim of the gorge, where the Hyenas are seen chasing the wildebeest herd, nipping at their heels to drive them over the edge. Camera switch to Mufasa and Zazu a short distance from the canyon.}",5
Zazu,"Oh look, sire; the herd is on the move.",-1
Mufasa,Odd...,2
Scar,Mufasa. Quick. Stampede. In the gorge. Simba's down there!,5
Mufasa,Simba?,11
None,"{Camera switch to Simba. He is running and climbs up a dead tree. Zazu flies ahead of Mufasa and Scar, down into the canyon. He spots Simba.}",4
Simba,Zazu! Help me!!,17
Zazu,Your father is on the way! Hold on!,-1
Simba,Hurry!,5
None,{Mufasa and Scar are on the lower ledges of the gorge. Zazu flies back to Mufasa and points out where Simba is.},-1
Zazu,There! There! On that tree!,-1
Mufasa,"Hold on, Simba!",-1
None,"{In the gully, a wildebeest rams the tree Simba's on, nearly breaking it.}",-1
Simba,Ahhhh!,2
Zazu,"Oh Scar, this is awful. What will we do? What will we do? Hah ... I'll go back for help, that's what I'll do, I'll go back for he--oomph!",1
None,"{Scar backhands Zazu into a rock wall, knocking him out. Scar then follows Mufasa's progress from the lip of the gorge, his shadow cast mysteriously from the bottom of the gully . Mufasa runs with the herd till slightly past the tree. He whips around the front of some wildebeest and runs into the herd towards Simba's tree. He gets rammed head-first once, throwing him to the ground. A wildebeest hits Simba's tree, throwing Simba into the air. Mufasa gets up in time to catch Simba in the air with his mouth. He gets hit again and accidentally throws Simba. Simba dodges a few oncoming wildebeest. Mufasa runs by with the herd and grabs Simba. He jumps up to a near rock ledge and sets Simba down, but is immediately struck by a wildebeest and carried off into the stampede.}",2
Simba,DAD!,4
None,"{Simba watches in horror as he cannot find his father in the swirling mass of wildebeest below him. At the last second, Mufasa leaps out of the herd and starts to climb with great difficulty up the sheer rock slope. Simba turns and starts to climb up to the top of the gorge. Out of Simba's sight, Mufasa reaches a point right below a ledge where he can't climb due to the steepness. His claws are scraping and his back paws have no traction. Above him on the ledge is Scar.}",-1
Mufasa,Scar! Broth-- Brother! Help me!,17
None,"{Scar looks disdainfully down, and then suddenly latches onto Mufasa's forepaws with claws extended. Mufasa roars, primarily from the sudden pain of Scar's claws, but no doubt also due to the sudden flash of realization. His expression slowly changes to one of horror as he recognizes Scar's intent.}",4
Scar,Long live the king.,-1
None,"{Scar throws his brother backwards. Mufasa free-falls, back first. The camera follows Mufasa down from under him, then from above him, showing the stampede raging below.}",0
Mufasa,Aaaaaaahh!,5
None,"{Camera suddenly focuses in on Simba, who is watching his father hit the ground. No sound effects of the hit. No view of it either. Mufasa and Simba's screams mingle.}",2
Simba,Nooooooo!,5
None,{The herd passes. Everything is clouded by dust. Simba bounds to the canyon floor. Mufasa is nowhere to be seen.},4
Simba,Dad!!,-1
Simba,Dad?,-1
None,"{We see a stray wildebeest run past, the source of the sound. The wildebeest curves around a log further down the gully. Under the log is Mufasa, laying on his side. He is not moving or breathing. Simba approaches the body. Sad musical theme. Again we notice how small Simba really is.}",-1
Simba,"Dad? ...Dad, come on. {He rubs up against Mufasa's cheek. The head merely rolls back in place after the rub} You gotta get up. {He places both forepaws on his father's cheek and pushes} Dad. We gotta go home. {He tugs at Mufasa's ear. Again the head limply moves back in place. Simba runs off a bit, obviously very scared.} HEEEEELP! Somebody! {His voice reverberates hollowly off the sides of the gorge.} Anybody... help.",3
None,{He cries. Simba turns back to the body. He nuzzles up under the limp paw so that his father is embracing him. Pause for effect.},-1
None,"{Where the music would resolve, we hit a minor chord as the image of Scar advancing appears through the dust.}",-1
Scar,Simba. ...What have you done?,2
Simba,"There were wildebeests and he tried to save me... it was an accident, I... I didn't mean for it to happen.",-1
Scar,"Of course, of course you didn't. No one... ever means {pulls Simba closer; Simba hides his face on Scar's foreleg} for these things to happen. ...But the king IS dead. {looking with mock regret at Simba) And if it weren't for you, he'd still be alive. {Simba is crushed, believing his guilt. Another thought ""occurs"" to Scar.} Oh! What will your mother think?",2
Simba,What am I gonna do?,-1
Scar,"Run away, Simba. Run... Run away and never return.",1
None,"{Simba runs off blindly, obviously broken. Slight pause, for the audience to catch its emotional breath. Music ends. The three hyenas appear behind Scar.}",0
Scar,Kill him.,17
None,"{The hyenas take off after him; Scar stands motionless. Simba is chased up the entire length of the gully. He reaches the lip only to see a sheer drop on the other side. Having no choice he jumps and tumbles down into a patch of briars below. The hyenas pursue the entire way. When the are running down towards the briars, Banzai sees them and recoils.",4
Banzai,Whoa!!,1
None,"{After skidding extensively, Banzai manages to stop just above the brambles. He heaves a sigh of relief. Then Shenzi and Ed run into him, propelling him into the bushes.}",7
Banzai,Yeow!,7
Shenzi,{Seeing Simba emerge from the far side of the briars into the desert} Hey-- There he goes! There he goes!,17
Banzai,So go get 'im.,-1
Shenzi,"There ain't no way I'm going in there. What, you want me to come out there looking like you? Cactus Butt?",1
Banzai,{Spitting out thorns into Ed's laughing face; Ed lets out a small yelp of pain} We gotta finish the job.,1
Shenzi,"Well, he's as good as dead out there anyway. And IF he comes back, we'll kill him.",1
Banzai,"Yeah! you hear that? If you ever come back, we'll kill ya!!!",7
None,"{""Kill ya"" echoes off as we see Simba still running into the desert. The Hyenas make their way off the cliffs back to the Pride Lands.}",2
None,{Camera change to Scar addressing the lionesses by the moon on Pride Rock.},7
Scar,"Mufasa's death was a terrible tragedy; but to lose Simba, who had barely begun to live...",7
None,"{Camera pans around the lionesses. Some of them, with Zazu, are comforting Sarabi, who bends her head in extreme pain. Nala is rubbing against her mother's paw, crying.}",2
Scar,"...For me it is a deep personal loss. So it is with a heavy heart that I assume the throne. Yet, out of the ashes of this tragedy, we shall rise to greet the dawning of a new era... {The hyenas start emerging, casting eerie green shadows and laughing hollowly} ...in which lion and hyena come together, in a great and glorious future! {Scar ascends Pride Rock as the hyenas appear in full force.}",2
None,"{The camera pans to Rafiki who is shaking his head in the distance. The scene changes with Rafiki in the same position. He is in his tree house. After wiping away a tear, he reaches up and rubs his hand across the cub painting, smearing it. The camera changes. The painting, smeared, is overlaid on Simba laying out in the hot desert sun.}",1
None,"{Buzzards are circling the cub's body. One descends, then all. They circle around it. With a blast of music, Timon riding Pumbaa appears and dives into the midst of the buzzards. They slap and kick the buzzards all away.}",-1
Timon,Yeeeeeeeeeeeeeeeeeeeeaaaahh! Get out! Get out! Get outta here! Whoo!,2
Pumbaa,I love it! Bowling for buzzards!,2
Timon,Gets 'em every time.,2
Pumbaa,Uh-oh. Hey Timon. You better come look. I think it's still alive.,17
Timon,Ewww...,2
None,{Timon walks to the front of Simba. He is lying with his paw over his face.},2
Timon,"All righty, what have we got here? {he smells Simba}",10
None,{He tries to lift Simba's paw. He can't. He gets under it and with a great push gets it above his head. He sees Simba's face.},5
Timon,"Jeez, it's a lion! Run, Pumbaa! Move it!",-1
Pumbaa,"Hey, Timon. It's just a little lion. Look at him. He's so cute, and all alone! Can we keep him?",7
Timon,"{Yelling into Pumbaa's ear, which creates a reverberating effect} Pumbaa, are you nuts? We're talking about a lion. Lions eat guys like us.",-1
Pumbaa,But he's so little.,7
None,"{He leans over to regard Simba, and accidentally dumps Timon from his head.}",1
Timon,He's gonna get bigger.,-1
Pumbaa,"{Seen from Timon's point of view on the ground, with a huge nose) Maybe he'll be on our side.",4
Timon,"A--huh! That's the stupidest thing I ever heard. Maybe he'll b-- ...Hey, I got it! What if he's on our side? You know, having a lion around might not be such a bad idea.",-1
Pumbaa,So we keeping 'im?,11
Timon,Of course. Who's the brains in this outfit?,9
Pumbaa,Uhhh...,11
Timon,"My point exactly. Jeez, I'm fried. Let's get out of here and find some shade.",4
None,"{Camera switch to Pumbaa, Timon, and Simba near a pool of water and oasis. Simba has been laid near the water. Timon splashes some water in Simba's face. Simba stirs.}",5
Timon,"You okay, kid?",5
Simba,I guess so.,0
Pumbaa,You nearly died.,5
Timon,I saved you.,-1
Pumbaa,,4
Timon,"Well, uh, Pumbaa helped. A little.",0
Simba,Thanks for your help.,5
Timon,"Hey, where you going?",5
Simba,Nowhere.,0
Timon,Gee. He looks blue.,0
Pumbaa,I'd say brownish-gold.,5
Timon,"No, no, no, no. I mean he's depressed.",11
Pumbaa,Oh.,0
Pumbaa,"Hey kid, what's eatin' ya?",0
Timon,"Nothing; he's at the top of the food chain! Ahhhhhhha ha haaa! The food cha-haain! {Pumbaa and Simba stare at him silently} Ha ha hum... ahem. {Realizing his joke flopped} So, where you from...?",11
Simba,Who cares? I can't go back.,10
Timon,"Ahh. You're an outcast! That's great, so are we.",0
Pumbaa,"What'cha do, kid?",8
Simba,Something terrible. But I don't wanna talk about it.,0
Timon,Good. We don't wanna hear about it.,0
Pumbaa,"Come on, Timon. Anything we can do?",0
Simba,Not unless you can change the past.,0
Pumbaa,"You know, kid, in times like this my buddy Timon here says, ""You got to put your behind in your past...""",8
Timon,No. No. No.,0
Pumbaa,I mean...,8
Timon,"Amateur. Lie down before you hurt yourself. It's ""You got to put your past behind you."" Look, kid. Bad things happen, and you can't do anything about it, right?",0
Simba,Right.,-1
Timon,"Wrong! When the world turns its back on you, you turn your back on the world.",13
Simba,"Well, that's not what I was taught.",-1
Timon,Then maybe you need a new lesson. Repeat after me. Hakuna Matata.,5
Simba,What?,-1
Pumbaa,"Ha-ku-na Ma-ta-ta. It means ""No worries.""",-1
Timon,Hakuna Matata! What a wonderful phrase,0
Pumbaa,Hakuna Matata! Ain't no passing craze,-1
Timon,It means no worries For the rest of your days,18
Both,It's our problem-free Philosophy,1
Timon,Hakuna Matata!,1
Simba,Hakuna matata?,2
Pumbaa,"Yeah, it's our motto.",-1
Simba,What's a motto?,3
Timon,Nothing! What's a motto with you? Ahh ha ha ha...,2
Pumbaa,"You know, kid-- These two words will solve all your problems.",-1
Timon,That's right! Take Pumbaa for example.,16
Timon,"Why, when he was a young warthog...",4
Pumbaa,When I was a young wart hoooog!,7
Timon,Very nice.,1
Pumbaa,Thanks!,0
Timon,He found his aroma lacked a certain appeal He could clear the savannah after every meal,0
Pumbaa,"I'm a sensitive soul, though I seem thick-skinned And it hurt that my friends never stood downwind",-1
None,"And oh, the shame Thoughta changin' my name And I got downhearted Ev'rytime that I...",2
Timon,Pumbaa! Not in front of the kids!,-1
Pumbaa,Oh... sorry.,1
None,"{Simba watches with growing interest as Timon hoists Pumbaa into a vine loop above his head, where he begins swinging.}",2
None,Pumbaa and Timon: Hakuna Matata! What a wonderful phrase Hakuna Matata! Ain't no passing craze,0
Simba,"{After becoming more and more enthusiastic, he finally joins in singing, a spotlight falling on him.) It means no worries For the rest of your days",7
Timon,"Yeah, sing it, kid!",2
None,Simba and Timon: It's our problem-free ........... Pumbaa: ..................... philosophy...,-1
None,All three: Hakuna Matata!,1
None,"{Timon pulls back a fern leaf, revealing a beautiful view of a rift-jungle. Waterfalls and rugged terrain make a beautiful view. Harp runs accentuate the scene.}",-1
Timon,Welcome... to our humble home.,0
Simba,You live here?,1
Timon,We live wherever we want.,15
Pumbaa,Yep. Home is where your rump rests. Heh!,3
Simba,It's beautiful.,2
Pumbaa,I'm starved.,2
Simba,I'm so hungry I could eat a whole zebra.,3
None,{Timon is rather disturbed by Simba's want for meat-- a little bit taken aback and a little bit I-knew-this-would-happen.},-1
Timon,Eeeahhah. We're fresh out of zebra.,-1
Simba,Any antelope?,17
Timon,Na ah.,17
Simba,Hippo?,2
Timon,"Nope. Listen, kid; if you live with us, you have to eat like us. Hey, this looks like a good spot to rustle up some grub.",8
None,"{Timon has stopped in front of a log. Pumbaa forces it up with his snout, revealing many insects. Timon picks one up.}",2
Simba,Eeew. What's that?,1
Timon,A grub. What's it look like?,2
Simba,Eeew. Gross.,1
Timon,Mmmm. Tastes like chicken.,-1
None,{Pumbaa slurps up a large worm from the ground. Both Timon and Pumbaa are feasting on bugs by now.},1
Pumbaa,"Slimy, yet satisfying.",1
Timon,"These are rare delicacies. Mmmm. Piquant, with a very pleasant crunch.",1
Pumbaa,You'll learn to love 'em.,0
Timon,"I'm telling you, kid, this is the great life. No rules. No responsibilities. {pokes his hand into a knothole-- many bugs scramble out} Oooh! The little cream-filled kind. And best of all, no worries.",4
None,{Timon has been collecting bugs on a leaf. He offers it to Simba. Simba picks out a grub.},2
Timon,"Well, kid?",4
Simba,Oh well-- Hakuna Matata.,1
Simba,"Slimy, yet satisfying.",-1
Timon,That's it!,-1
None,"{The scene switches to all three crossing a log, walking and tossing their heads to the music. With a steady build in the music, a change occurs. We see the image of young Simba become an adolescent Simba, with a partial mane. And then again, Simba becomes a full grown adult. While the chanting of the title is happening, the camera is panning at the low level where all the interaction between Pumbaa, Timon, and Simba as a cub had been occurring. First we see Timon, and then Pumbaa. The camera continues panning at a low angle to where the cub Simba would fit. Instead we see the adult Simba's paw come down. An immediate back up for a full view of a big Simba.}",-1
None,"Pumbaa and Timon: Hakuna matata, hakuna matata, hakuna matata.",17
Simba,It means no worries For the rest of your days.,4
None,All three: It's our problem-free Philosophy,2
Simba,Hakuna Matata,9
None,"{All three dive off of the log into a pond. First, Timon jumps in doing a cannonball, and makes a small splash. Then Pumbaa, doing a swan dive, makes a small splash too. Finally Simba swings out on a vine . Before he can dive, the vine breaks under his weight. The resulting splash is big enough to wash Pumbaa and Timon ashore.}",-1
None,Hakuna Matata,0
None,"{Simba joins Timon and Pumbaa on shore. The song breaks into gentle jazz voice improvisations on the words ""Hakuna Matata."" We see a rear view of Timon, Pumbaa, and Simba boogeying off into the forest to the beat of ""Hakuna Matata.""}",2
None,"{The camera switches to a far view of Pride Rock. Almost all of the coloring is in gray. Most of the plants and trees appear to be dead. We can hear Zazu's first line and then the scene switches to a view of Zazu and Scar. Zazu is in a cage made of some animal's ribcage, singing. Scar is laying out on a rock picking his teeth with a bone.}",-1
Zazu,Nobody knows The trouble I've seen Nobody knows My sorrow...,-1
Scar,"Oh Zazu, do lighten up. {He tosses the bone at Zazu and it clatters against the cage} Sing something with a little... bounce in it.",1
Zazu,It's a small world after all...,-1
Scar,No! No. Anything but that!,0
Zazu,I've got a lovely bunch of coconuts There they are a-standing in a row...,2
None,"Zazu and Scar: Big ones, small ones, some as big as your head...",2
Zazu,Oh... I would never have had to do this for Mufasa.,-1
Scar,What? What did you say?,0
Zazu,"Oh, nothing!",2
Scar,"You know the law: Never, ever mention THAT name in my presence. I... am... the KING!",0
None,{Scar shoves his muzzle between the ribs of Zazu's cage on the last line. His breath blows Zazu up against the wall.},0
Zazu,"Yes, sire. You ARE the king. I... I... Well, I only mentioned it to illustrate the differences in your royal managerial approaches.",-1
Banzai,Hey Boss!,-1
Scar,"Oh, what is it this time?",9
Banzai,We got a bone to pick with you.,-1
Shenzi,"I'll handle this. Scar, there's no food, no water...",8
Banzai,"Yeah, it's dinner time, and we ain't got no stinkin' entrees.",-1
Scar,It's the lionesses' job to do the hunting...,3
Banzai,"Yeah, but they won't go hunt.",2
Scar,Oh... eat Zazu.,1
Zazu,"Oh, you wouldn't want me. I'd be so tough and gamey and... eeww...",1
Scar,"Oh, Zazu, don't be ridiculous. All you need is a little garnish.",2
Banzai,I thought things were bad under Mufasa.,2
Scar,What did you say?,-1
Banzai,I said Muf...,4
Banzai,"I said, uh... ""Qu pasa?""",-1
Scar,Good. Now get out.,-1
Banzai,"Mm... yeah, but-- we're still hungry.",9
Scar,Out!,2
None,"{The camera switches to a view of the jungle. We hear a monstrous belch reverberate across the landscape. The camera switches to Timon, Pumbaa, and Simba lying on their backs looking at the stars.}",0
Timon,"Whoah. Nice one, Simba.",-1
Simba,"Thanks. Man, I'm stuffed.",4
Pumbaa,Me too. I ate like a pig.,4
Simba,Pumbaa-- you are a pig.,-1
Pumbaa,Oh. Right.,4
Pumbaa,Timon?,9
Timon,Yeah?,-1
Pumbaa,Ever wonder what those sparkly dots are up there?,4
Timon,Pumbaa. I don't wonder; I know.,-1
Pumbaa,Oh. What are they?,-1
Timon,They're fireflies. Fireflies that uh... got stuck up in that big... bluish-black... thing.,-1
Pumbaa,Oh. Gee. I always thought that they were balls of gas burning billions of miles away.,9
Timon,"Pumbaa, wit' you, everything's gas.",2
Pumbaa,"Simba, what do you think?",9
Simba,"Well, I don't know...",-1
Pumbaa,"Aw come on. Give, give, give .. Well, come on, Simba, we told you ours... pleeeease? Timon: Come on, come on... give, give..",3
Simba,"Well, somebody once told me that the great kings of the past are up there, watching over us.",-1
Pumbaa,Really?,8
Timon,You mean a bunch of royal dead guys are watching us? Pbbb.,3
None,{Timon breaks out laughing. Pumbaa joins in. Simba does half-heartedly.},4
Timon,Who told you something like that? What mook made that up?,9
Simba,"Yeah. Pretty dumb, huh?",-1
Timon,"Aw, you're killing me, Simba.",1
None,{The music rises again. Simba looks back up at the stars. He quietly gets up and leaves.},-1
Timon,Was it something I said?,3
None,"{The music continues. Simba walks out on a ledge and looks up at the stars. He then collapses to lay on the edge of the ledge. Milkweed floss is stirred into the air by his flop. The camera follows its path. It crosses the desert. Next we see Rafiki's hand snatch some it out of the air. He sniffs it, grunts, and bounds down into his tree. He pours the milkweed into a turtle shell, sifts it around, and then eats from the same kind of fruit he anointed Simba with. Examining the milkweed floss again, realization dawns on his face.}",9
Rafiki,Simba? He's- he's alive? He he- he's alive!,-1
None,"{Rafiki grabs his staff. Laughing in delight, he picks up some paint and puts a mane on the smeared lion image on the wall.}",4
Rafiki,It is time!,-1
None,"{The camera switches to a jungle scene. We hear Pumbaa singing the familiar bass to ""The Lion Sleeps Tonight"". Timon joins in as they walk towards the camera. A Capella.}",-1
Pumbaa,Ohi'mbube Ohi'mbube,-1
Timon,In the jungle The mighty jungle The lion sleeps tonight.,2
None,In the jungle The mighty jungle,3
None,"The lion sleeps... I can't hear you, buddy, back me up!",16
None,"{Pumbaa has faded out, having followed the bug stage left. The following line is in full and good falsetto.}",-1
None,A-WEEEE-ee-EE-ee ba-Pum-ba-bum-ba-way,13
None,A-Pumbaa? Pumbaa?,0
None,"{Camera switch to Pumbaa following the bug. He is still humming the bass. He stalks the bug up to a log, theatrically hiding behind a tree. When he tries to jump over the log he gets stuck momentarily and looks back.}",3
Pumbaa,Timon?,17
None,"{He jumps over the log. As he views the bug at close range, the camera switches focus from it to a pair of green eyes out in the grass. The camera closes up on a lioness getting ready to jump.}",3
Pumbaa,YEEEEAAAHHH!,2
None,"{He runs, with the lioness in hot pursuit. The lioness, with teeth and claws bared, chases Pumbaa around at high speed. Camera switch to Timon.}",3
Timon,Pumbaa?,17
None,{Pumbaa runs near Timon and gets stuck under the root of a tree by trying to squeeze through.},4
Timon,"Pumbaa! Pumbaa! Hey, what's goin' on?",4
Pumbaa,SHE'S GONNA EAT ME!,-1
Timon,Huh?,3
None,{Timon gets up on the branch and sees the lioness charging at full speed towards them. He gets down and tries to help push Pumbaa out from under the root.},1
Timon,Woah! ... Jeez! Why do I always have to save your AAAAAA!,3
None,"{On the AAAAAA!, Timon sees the lioness was about to close on Pumbaa and he is in the line of attack. At the last minute, Simba bounds over Pumbaa and catches the lioness head on at full force. They start fighting savagely.}",1
Timon,"Don't worry, buddy. I'm here for ya. Everything's gonna be okay. Get her! Bite her head! Go for the jugular. The jugular! See, I told you he'd come in handy.",4
None,"{The lions tangle for a bit more. The fight becomes a wrestling. The lioness flips Simba and pins him with a loud thump. Simba is startled by this. The lioness is still baring her teeth. Simba, however, is very surprised and no longer threatening.}",3
Simba,Nala?,-1
Simba,Is it really you?,8
Nala,Who are you?,10
Simba,It's me. Simba.,4
Nala,Simba? Whoah!,10
None,{Simba and Nala run together and greet each other. The greetings are enthused and run over each other.},11
Nala,Well how did you.. where did you come from... it's great to see YOU... Simba: Aaah! How did you... who... wow... this is cool... it's great to see you...,15
None,{Camera view of Timon who is completely baffled by this sudden change},-1
Timon,"Hey, what's goin' on here?",7
Simba,What are you doing here?,11
Nala,"What do you mean, ""What am I doing here?"" What are you doing here?",0
Timon,HEY! WHAT'S GOIN' ON HERE!?!?!,2
Simba,"Timon, this is Nala. She's my best friend.",16
Timon,Friend?!?,1
Simba,"Yeah. Hey, Pumbaa, come over here.",1
Simba,"Nala, this is Pumbaa. Pumbaa, Nala.",-1
Pumbaa,Pleased to make your acquaintance.,3
Nala,The pleasure's all mine.,9
Timon,How do you do.. Whoa! Whoa. Time out.. Lemme get this straight. You know her. She knows you. But she wants to eat him. And everybody's... okay with this? DID I MISS SOMETHING?!?,2
Simba,"Relax, Timon.",7
Nala,Wait till everybody finds out you've been here all this time! And your mother... what will she think?,-1
Simba,She doesn't have to know. Nobody has to know.,7
Nala,"Well, of course they do. Everyone thinks you're dead.",-1
Simba,They do?,-1
Nala,Yeah. Scar told us about the stampede.,-1
Simba,He did? Well... what else did he tell you?,1
Nala,What else matters? You're alive. and that means... you're the king.,2
Timon,"King? Pbbb. Lady, have you got your lions crossed.",-1
Pumbaa,King? Your Majesty! I gravel at your feet. {Noisily kisses Simba's paw},4
Simba,Stop it.,2
Timon,"It's not ""gravel."" It's ""grovel."" And DON'T-- he's not the king. Are ya?",0
Simba,No.,2
Nala,Simba?,-1
Simba,"No, I'm not the king. Maybe I was gonna be, but... that was a long time ago.",7
Timon,Let me get this straight. You're the king? And you never told us?,0
Simba,"Look, I'm still the same guy.",-1
Timon,But with power!,2
Nala,Could you guys... excuse us for a few minutes?,2
Timon,"Hey, whatever she has to say, she can say in front of us. Right, Simba?",2
Simba,Hmm. Maybe you'd better go.,9
Timon,It starts. You think you know a guy...,0
Simba,Timon and Pumbaa. You learn to love 'em.,11
Simba,What? ...What is it?,4
Nala,It's like you're back from the dead. You don't know how much this will mean to everyone. {Pained expression} ...What it means to me.,-1
Simba,"Hey, it's okay.",2
Nala,I've really missed you.,1
Simba,"{Startled by Nala's boldness for an instant, then reciprocating} I've missed you too.",-1
None,{They are rubbing heads. We hear Timon sigh; camera switch to show them watching from the bushes.},1
Timon,"I tell you, Pumbaa, this stinks.",-1
Pumbaa,Oh. Sorry.,1
Timon,Not you. Them! Him. Her. Alone.,2
Pumbaa,What's wrong with that?,1
Timon,I can see what's happening And they don't have a clue They'll fall in love and here's the bottom line Our trio's down to two.,9
None,Ze sweet caress of twilight,-1
None,There's magic everywhere And with all this romantic atmosphere Disaster's in the air,1
None,{The scene passes from Timon and Pumbaa to Simba and Nala in front of a waterfall.},-1
FS,"Can you feel the love tonight? The peace the evening brings The world, for once, in perfect harmony With all its living things",2
None,"{After walking around each other, taking in each other's movements, they stop to drink at the water.}",2
Simba,So many things to tell her But how to make her see The truth about my past? Impossible! She'd turn away from me,-1
Nala,"He's holding back, he's hiding But what, I can't decide Why won't he be the king I know he is The king I see inside?",0
None,"{During the Chorus the following occurs: Simba looks at Nala, smiles, and runs off stage. He runs back on stage, grabs a vine in his mouth and splashes into the middle of the pond. Nala looks out over the still water. Suddenly Simba lunges up under her and pulls her in the pond playfully. She immediately comes out dripping and miffed. When Simba comes out, she pushes him back in. The scene switches to them tussling. They end up play fighting. After tumbling down a hillside, Simba ends up pinning Nala for a first. She gives him a tiny lick, resembling a kiss. Simba looks startled and stares at Nala. Close-up of Nala, as she stares back with a seductive smile. Close-up of Simba, whose expression changes from a surprised one to a comprehending one.. The two rub heads as the last lyrics are sung.}",-1
Chorus,"Can you feel the love tonight? The peace the evening brings The world, for once, in perfect harmony With all its living things",0
None,Can you feel the love tonight? You needn't look too far Stealing through the night's uncertainties Love is where they are,-1
Timon,And if he falls in love tonight It can be assumed,-1
Pumbaa,His carefree days with us are history,0
None,"Timon and Pumbaa: In short, our pal is doomed",0
Simba,Isn't this a great place?,-1
Nala,It is beautiful. But I don't understand something. You've been alive all this time. Why didn't you come back to Pride Rock?,0
Simba,"Well, I just needed to... get out on my own. Live my own life. And I did. And it's great. {He sounds almost as if trying to convince himself as well as Nala.}",10
Nala,We've really needed you at home.,4
Simba,No one needs me.,-1
Nala,"Yes, we do! You're the king.",0
Simba,"Nala, we've been through this. I'm not the king. Scar is.",4
Nala,"Simba, he let the hyenas take over the Pride Lands.",11
Simba,What?,4
Nala,"Everything's destroyed. There's no food. No water. Simba, if you don't do something soon, everyone will starve.",-1
Simba,I can't go back.,0
Nala,Why?,-1
Simba,You wouldn't understand.,8
Nala,What wouldn't I understand?,-1
Simba,"No, no, no. It doesn't matter. Hakuna Matata.",0
Nala,What?,0
Simba,"Hakuna Matata. It's something I learned out here. Look, sometimes bad things happen...",11
Nala,Simba!,8
Simba,...And there's nothing you can do about it. So why worry?,5
None,"{Simba starts away from Nala, walking on a fallen tree. Nala trots back up to him.}",-1
Nala,Because it's your responsibility!,5
Simba,"Well, what about you? YOU left.",7
Nala,I left to find help! And I found YOU. Don't you understand? You're our only hope.,-1
Simba,Sorry.,-1
Nala,What's happened to you? You're not the Simba I remember.,5
Simba,You're right. I'm not. Now are you satisfied?,-1
Nala,"No, just disappointed.",0
Simba,"You know, you're starting to sound like my father.",0
Nala,Good. At least one of us does.,2
None,{Simba is obviously cut by the comment about his father; he tears into Nala with his words.},9
Simba,"Listen, you think you can just show up and tell me how to live my life? You don't even know what I've been through!",1
Nala,I would if you would just tell me!,1
Simba,Forget it!,2
Nala,Fine!,13
Simba,"She's wrong. I can't go back. What would it prove, anyway? It won't change anything. You can't change the past.",-1
None,You said you'd always be there for me! But you're not. And it's because of me. It's my fault. It's my fault.,-1
None,"{He bows his head, choking back tears. The camera backs to a far view and then zooms over to Rafiki in a nearby tree. We hear his chant. Just for fun, I've included its translation.}",0
None,Rafiki's Chant: Translation:,-1
None,Asante sana! Squash banana! We we nugu! Mi mi apana!,8
None,"{Simba seems slightly annoyed by the chant. He moves away. Rafiki, elated by the sight of Simba, follows him. Simba lies down on a log over a pond. A rock disturbs the water; Rafiki, now in a nearby tree, starts his chant again.}",0
Simba,"Come on, will you cut it out?",0
Rafiki,Can't cut it out. It'll grow right back!,0
Simba,Creepy little monkey. Will you stop following me? Who are you?,0
Rafiki,The question is: Whooo... are you?,0
Simba,I thought I knew. Now I'm not so sure.,0
Rafiki,"Well, I know who you are. Shh. Come here. It's a secret.",7
None,{He pulls Simba's head over to whisper into his ear. He starts his chant into Simba's ear and laughs.},0
None,Asante sana! Squash banana! We we nugu! Mi mi apana!,-1
Simba,"Enough already. what's that supposed to mean, anyway?",0
Rafiki,It means you are a baboon-- and I'm not.,0
Simba,I think... you're a little confused.,8
Rafiki,Wrong. I'm not the one who's confused; you don't even know who you are.,9
Simba,"Oh, and I suppose you know?",9
Rafiki,Sure do; you're Mufasa's boy.,-1
None,{Simba is surprised by this revelation. Rafiki disappears off stage right.},-1
None,Bye!,9
BS,We sangoma ngi velelwe We baba ngivelelwe We baba ngivelelwe,3
Simba,"Hey, wait!",9
None,{Simba chases after him. When we catch up. Rafiki is in a meditative lotus position on a rock.},0
None,You knew my father?,-1
Rafiki,Correction-- I know your father.,2
Simba,"I hate to tell you this, but... he died. A long time ago.",11
Rafiki,"Nope. Wrong again! Ha ha hah! He's alive! And I'll show him to you. You follow old Rafiki, he knows the way. Come on!",-1
None,{Rafiki leads Simba through the brush. Simba has trouble keeping up due to his size. The music slips into African chant.},-1
Rafiki,Don't dawdle. Hurry up!,0
Simba,"Hey, whoa. Wait, wait.",-1
Rafiki,"Come on, come on.",4
Simba,Would you slow down?,15
None,"{Rafiki is seen flitting through the canopy ahead of Simba, laughing hollowly and whooping. Simba struggles to keep up. Suddenly, Rafiki appears with his hand held up right into Simba's face.}",0
Rafiki,STOP!,0
None,Shhh.,7
None,Look down there.,7
None,"{Simba quietly and carefully works his way out. He looks over the edge and sees his reflection in a pool of water He first seems a bit startled, perhaps at his own mature appearance, but then realizes what he's looking at.}",10
Simba,That's not my father. That's just my reflection.,-1
Rafiki,Noo. Look harder.,0
None,"{Rafiki motions over the pool. Ripples form, distorting Simba's reflection; they resolve into Mufasa's face. A deep rumbling noise is heard.",8
None,"You see, he lives in you.",0
None,"{Simba is awestruck. The wind picks up. In the air the huge image of Mufasa is forming from the clouds. He appears to be walking from the stars. The image is ghostly at first, but steadily gains color and coherence.}",10
Mufasa,Simba . . .,0
Simba,Father?,7
Mufasa,"Simba, you have forgotten me.",7
Simba,No. How could I?,0
Mufasa,"You have forgotten who you are, and so have forgotten me. Look inside yourself, Simba. You are more than what you have become. You must take your place in the Circle of Life.",8
Simba,How can I go back? I'm not who I used to be.,-1
None,"{Shot of cloud-Mufasa, with glowing yellow eyes. He is framed in swirling clouds, radiating golden light.}",1
Mufasa,"Remember who you are. You are my son, and the one true king.",-1
None,"{Close up of Simba's face, bathed in the golden light, showing a mixture of awe, fear, and sadness. The image of Mufasa starts to fade.}",8
None,Remember who you are.,0
None,{Mufasa is disappearing rapidly into clouds. Simba runs into the fields trying to keep up with the image.},-1
Simba,No. Please! Don't leave me. Mufasa: Remember... Simba: Father! Mufasa: Remember... Simba: Don't leave me. Mufasa: Remember . . .,-1
None,{Simba is left out in the fields. There is just a cloud left where his father's image was. The wind tosses the grass restlessly. Rafiki approaches.},0
Rafiki,What was THAT? The weather-- Pbbbah! Very peculiar. Don't you think?,8
Simba,Yeah. Looks like the winds are changing.,10
Rafiki,Ahhh. Change is good.,9
Simba,"Yeah, but it's not easy. I know what I have to do. But, going back means I'll have to face my past. I've been running from it for so long.",0
None,Oww! Jeez-- What was that for?,1
Rafiki,It doesn't matter; it's in the past!,-1
Simba,"Yeah, but it still hurts.",-1
Rafiki,"Oh yes, the past can hurt. But the way I see it, you can either run from it, or... learn from it.",-1
None,{He swings at Simba with his staff again. This time Simba ducks.},-1
None,"Hah, you see! So what are you going to do?",-1
Simba,"First, I'm gonna take your stick.",0
Rafiki,"No, no, no, no! Not the stick!",3
None,"Hey, where are you going?",0
Simba,I'm going back!,0
Rafiki,"Good! Go on! Get out of here! {laughs, hoots, n' hollers. As he holds his staff above his head, a few shooting stars zing across the sky. Music rises into celebratory ""Busa"" theme:}",9
BS,Busa le lizwe Busa le lizwe Busa le lizwe Busa lomhlaba,1
None,Sabusa le lizwe Sabusa le lizwe Sabusa le lizwe Busa lomhlaba,0
None,"{Camera switch to Timon and Pumbaa sleeping. Timon is curled up on Pumbaa; Pumbaa is lying on his back. Both are snoring. In his snore, Pumbaa occasionally mumbles ""Grubs, grubs."" Nala approaches and taps Timon with a paw.}",-1
Nala,"Hey. Hey, wake up.",-1
None,{Timon wakes up and see a huge lion face in his view. He starts screaming and Pumbaa joins in.},0
Nala,"It's OK. Whoa, whoa. It's OK. It's ME.",10
Timon,"Don't ever do that again! Carnivores, oy!",10
Nala,Have you guys seen Simba?,4
Timon,I thought he was with you.,13
Nala,"He was, but now I can't find him. Where is he?",4
Rafiki,"Ho, ho, ho, ho. You won't find him here. Ha ha. The king... has returned.",0
Nala,I can't believe it. He's gone back.,-1
Timon,Gone back? What do you mean? {Looks where Rafiki was; Rafiki is now gone} Hey! What's goin' on here? Who's the monkey?,8
Nala,Simba's gone to challenge Scar.,4
Timon,Who?,17
Nala,Scar.,-1
Pumbaa,Who's got a scar?,17
Nala,"No, no, no. It's his uncle.",8
Timon,The monkey's his uncle?,8
Nala,No! Simba's gone back to challenge his uncle to take his place as king.,2
None,Timon and Pumbaa: Ohhh.,0
None,"{With accompanying music , we see a far shot of Simba charging full speed across the desert. A layover is faded in of Simba's feet pounding the sand.}",-1
None,"{Simba slowly crosses the desolated land. He reaches the lip of a cliff and looks out over his former home. Mostly lacking in life, it is painted in grays. Seeing the desolation, a look of determination, even fury, appears on Simba's face.}",-1
Nala,"Simba, wait up! ...It's awful, isn't it?",1
Simba,I didn't want to believe you.,6
Nala,What made you come back?,8
Simba,"I finally got some sense knocked into me. And I've got the bump to prove it. Besides, this is my kingdom. If I don't fight for it, who will?",13
Nala,I will.,13
Simba,It's gonna be dangerous.,2
Nala,Danger? Ha! I laugh in the face of danger. Ha ha ha ha.,13
Timon,I see nothing funny about this.,0
Simba,Timon? Pumbaa? What are you doing here?,4
Pumbaa,"At your service, my liege.",-1
Timon,Uh. We're going to fight your uncle... for this?,0
Simba,"Yes, Timon; this is my home.",4
Timon,"Ffh. Talk about your fixer-upper. Well, Simba, if it's important to you, we're with you to the end.",5
None,{Simba smiles appreciatively. Nice scene with the four of them on the ledge viewing the work ahead of them.},5
None,"{Camera switches to Simba. Nala, Timon, and Pumbaa sneaking up to the edge of Pride Rock. From behind a log, they observe close up the hordes of hyenas.}",14
Timon,Hyenas. I hate hyenas. So what's your plan for gettin' past those guys?,3
Simba,Live bait.,14
Timon,Good idea. Heeey.,4
Simba,"Come on, Timon-- you guys have to create a diversion.",0
Timon,What do you want me to do? Dress in drag and do the hula?,0
None,"{Camera switch to Timon in a hula outfit. The music sung is The Hawaiian War Chant much like the Spike Jones arrangement. Pumbaa is set up like a roast pig, even with an apple in his mouth. Jungle drum riff.}",8
None,Luau!,-1
None,If you're hungry for a hunk of fat and juicy meat Eat my buddy Pumbaa here because he is a treat,11
None,Come on down and dine On this tasty swine All you have to do is get in line,0
None,Aaaare you achin' Foooor some bacon? Heeee's a big pig You could be a big pig too.,4
None,Oy!,-1
None,{The run off screaming to lead some of the hyenas away. Simba and Nala make it by.},14
Simba,"Nala, you find my mother and rally the lionesses. I'll look for Scar.",6
None,{Simba is making his way up Pride Rock. Scar calling his mother causes him to pause and watch.},-1
Scar,SARABI!,-1
None,{Sarabi ascends Pride Rock. The hyenas snap at her heels. She only glares disdainfully at them.},-1
Sarabi,"Yes, Scar?",-1
Scar,Where is your hunting party? They're not doing their job.,-1
Sarabi,"Scar, there is no food. The herds have moved on.",6
Scar,No. You're just not looking hard enough.,1
Sarabi,It's over. There is nothing left. We have only one choice. We must leave Pride Rock.,-1
Scar,We're not going anywhere.,-1
Sarabi,Then you have sentenced us to death.,0
Scar,Then so be it.,8
Sarabi,You can't do that.,1
Scar,I'm the king. I can do whatever I want.,0
Sarabi,If you were half the king Mufasa was you would nev--,0
Scar,I'm ten times the king Mufasa was!,13
None,"{Simba appears on the ledge, growling loudly. He leaps out and runs to his mother. Scar mistakes Simba as Mufasa and is understandably frightened.}",8
None,Mufasa? No. You're dead.,0
None,"{Sarabi awakens at her son's nudge, but mistakes him as Mufasa as Scar did.}",-1
Sarabi,Mufasa?,6
Simba,No. It's me.,4
Sarabi,Simba? You're alive? How can that be?,1
Simba,It doesn't matter; I'm home.,-1
Scar,"Simba...? Simba! I'm a little surprised to see you, {giving the hyenas above him an angry look} alive...",6
None,"{On the word ""alive,"" Shenzi, Banzai, and Ed gulp audibly and slink into the shadows.}",4
Simba,Give me one good reason why I shouldn't rip you apart.,4
Scar,"Oh, Simba, you must understand. The pressures of ruling a kingdom...",-1
Simba,"...Are no longer yours. Step down, Scar.",0
Scar,"Oh, oh, ye-- Well, I would, heh, naturally, heh-- however, there is one little problem. You see them? They think I'M king.",1
Nala,"Well, we don't. Simba is the rightful king.",6
Simba,"The choice is yours, Scar. Either step down or fight.",-1
Scar,"Oh, must it all end in violence? I'd hate to be responsible for the death of a family member. Wouldn't you agree, Simba?",-1
Simba,"That's not gonna work, Scar. I've put it behind me.",4
Scar,"Eh, but what about your faithful subjects? Have they put it behind them?",-1
Nala,"Simba, what is he talking about?",-1
Scar,"Ahh, so you haven't told them your little secret. Well, Simba, now's your chance to tell them. Tell them who is responsible for Mufasa's death!",-1
None,{Scar's last line causes the lionesses to start. All are concentrating on Simba.},-1
Simba,I am.,-1
Sarabi,It's not true. Tell me it's not true.,1
Simba,It's true.,-1
Scar,You see! He admits it! Murderer!,11
Simba,No. It was an accident.,0
None,{Scar walks around and around Simba as he accuses him; very nicely done animated rotation.},-1
Scar,"If it weren't for you, Mufasa would still be alive. It's your fault he's dead; do you deny it?",0
Simba,No.,-1
Scar,Then... you're... guilty.,2
Simba,No. I'm not a murderer.,-1
Scar,"Oh, Simba, you're in trouble again. But this time, Daddy isn't here to save you. And now EVERYONE.. KNOWS... WHY!",-1
None,"{Scar has been backing Simba up the length of Pride Rock. After his last sentence, Simba slips over the edge and is clinging to the ledge by his forepaws. Lightning strikes below, igniting a fire.}",2
Nala,Simba!,6
Scar,"Now this looks familiar. Hmm. Where have I seen this before? Let me think. Hmmm... hmmm. Oh yes, I remember. This is just the way your father looked before he died.",-1
None,{Scar grabs Simba with his claws as he did Mufasa. He whispers into Simba's ear.},1
None,And here's MY little secret: I killed Mufasa.,1
None,{Simba has a quick memory flash back to that fateful instant. His voice blends with his younger voice in the scream of when his father died. In one giant leap he lunges up and pins Scar on his back. Scar is caught completely by surprise and is understandably very nervous and shaken.},-1
Simba,NoooooOOOO! ...Murderer!,2
Scar,"No, Simba, please.",15
Simba,Tell them the truth.,15
Scar,Truth? But truth is in the eye of the beholdllgkkk!,2
None,All right. All right. I did it.,-1
Simba,So they can hear you.,2
Scar,I killed Mufasa!,1
None,"{Nala starts towards Scar, the hyenas attack Simba in a wall of teeth. The lionesses join in. We see Pumbaa and Timon come in. Pumbaa is charging with Timon riding him. Hyenas are flying everywhere.}",6
Pumbaa,Heeeyyyy-yaaaaah! Timon: 'Scuse me. Pardon me. Comin' through. Hot stuff. Whoo!,2
None,"{Bowling strike sound effect as hyenas fly. Rafiki whacks a hyena off Simba. Camera switch to him; with a battle scream, he joins the fray. As a bit of comic relief, Rafiki is fighting in kung-fu ""B-movie"" style, complete with cheesy sound effects.}",1
Rafiki,WwwA! Hozah! Hazoww! Yaa! Yah! hhyEEOOWww!,16
None,{Camera switch to Timon running from Shenzi. He runs into the cave. Zazu spots him. Timon runs into his cage for safety from the hyenas.},13
Zazu,Let me out! Let me out!,2
Timon,Let me in! Let me in! ...Ple-he-hease don't eat me.,-1
Pumbaa,Problem?,-1
Banzai,"Hey, who's the pig?",-1
Pumbaa,Are you talking to me?,1
Timon,Uh oh. They called him a pig.,1
Pumbaa,Are you talking to me?!,1
Timon,Shouldn't 'a done that.,6
Pumbaa,ARE YOU TALKING TO ME?!?,1
Timon,Now they're in for it.,13
Pumbaa,They CALL me... MIIISTER PIG! AAAAAHHH...,6
Timon,"Take that! And that! Banzai: Ow ow ow ow ow ow ow ... Pumbaa: Take that! And that! You yellow belly... Zazu: Take that, you stupid...",-1
None,"{They start the Arsenio Hall ""Ooh, ooh"" chant. The scene switches to Simba chasing Scar up to the high point of Pride Rock. Scar runs up to the edge and sees the sheer drop. Simba leaps up to confront him at the cliff-like edge. Scar is very apprehensive, seeing he is cornered and at Simba's mercy.}",2
Simba,Murderer.,2
Scar,"Simba, Simba. Please. Please have mercy. I beg you.",-1
Simba,You don't deserve to live.,-1
Scar,"But, Simba, I am... ah... family. It's the hyenas who are the real enemy. It was their fault-- it was their idea!",13
None,"{Shenzi, Banzai, and Ed are in the background. They overhear and back away growling at Scar's betrayal.}",1
Simba,Why should I believe you? Everything you ever told me was a lie.,14
Scar,What are you going to do? You wouldn't kill your old Uncle...?,-1
Simba,"No, Scar. I'm not like you.",-1
Scar,"Oh, Simba, thank you. You are truly noble. I'll make it up to you, I promise. How can I, ah, prove myself to you? Tell me; I mean, anything.",-1
Simba,"Run. Run away, Scar. And never return.",12
Scar,"Yes. Of course. As you wish... {looking down and seeing a pile of hot coals} ...your Majesty! {Scar swipes the coals into Simba's face. With a cry of surprise and pain, Simba paws the coals away as Scar leaps and attacks.}",16
None,"{There is a fight in slow motion. Both Scar and Simba land heavy blows. Simba gets knocked on his back. Scar leaps through the flames at him. Simba gathers courage and uses Scar's momentum in a ""throw"" similar to Nala's fighting tactics to send him flying over the edge. Scar tumbles to the bottom. He weakly gets up. He sees Banzai, Shenzi, and Ed approaching and smiles. Ed has a very angry look on his face.}",12
Scar,"Ahh, my friends.",-1
Shenzi,Frie-he-hends? I thought he said we were the enemy!,12
Banzai,"Yeah, that's what I heard.",12
None,Banzai and Shenzi: Ed?,-1
Ed,,14
Scar,"No. L-L-L-Le-Le-Le-Le-Let me explain. No. You don't understand. No! I didn't mean for... No, No! Look, I m sorry I called you... No! NOO!",12
None,{The camera moves away and we can only see the shadows as the horde of hyenas closes on and devours Scar. Rain opens up and douses the fire. Simba comes down and greets his mother and Nala. Rafiki motions for Simba to ascend Pride Rock as king. Simba starts up and pauses to hug Rafiki as his father did.},12
Rafiki,It is time.,-1
None,"{Very majestically, he ascends through the rain. Music is strong. Through a hole in the clouds we can see a patch of stars. One bright star shines out briefly.}",14
Mufasa,Remember . . .,14
None,"{Simba's expression gains confidence and strength. He roars. The lionesses roar in reply. Time switch to the savannah in full bloom again. Cue ""Busa"" theme:}",-1
BS,Busa le lizwe Busa le lizwe Busa le lizwe Bus-busa ngo xolo,-1
MS,Se-fi-le Baba ti-tabo Maye babo Busa lomhlaba,6
BS,MS: He! Se-fi-le Busa Simba! Busa Simba!,-1
None,Ubuse ngo xolo Ubuse ngo thando Ubuse ngo xolo Ubuse ngo thando,-1
None,Ubuse ngo xolo,1
None,"{Simba, Timon, Pumbaa, and Nala are on Pride Rock. Zazu flies up to the point. Timon, of course, is shaking his arms in the classic victory sign. All the groups of herds are there and making noise as in the presentation of Simba.}",1
BS,Ingonyama nengw' enamabala Ingonyama nengw' enamabala MS:,-1
None,Full Chorus: Till we find our place On the path unwinding In the Circle The Circle of Life,-1
None,Circle of... Liiife,-1
None,"{Rafiki appears, holding Kiara. He lifts her to present her to the crowd. Bass drum hit and black out to title in red lettering as in the beginning. The Circle is completed.}",6
